{"MiddleWheel1":[13.851496,11.646925],"FrontWheel1":[18.851496,11.646925],"RearWheel2":[8.851496,2.6469254],"MiddleWheel2":[13.851496,2.6469254],"CenterOfMass":[13.851496,7.1469254],"RearWheel1":[8.851496,11.646925],"FrontWheel2":[18.851496,2.6469254]}